cp,description,checkpoint manager,mobile,type of checkpoint,what3words,grid reference,open,Close,senior leg distance,Senior leg km,junior leg distance,Junior leg km,latitude,longitude
Start,Tring School,Central Control,Central Control,"A Big Scary Building
",///leafing.destined.glance,SP 928 119,07:45,09:24,0,0,0,0,51.798058,-0.65568693
CP01,Junction of Hastoe lane and footpath by road bridge,Alan Baker,07700 900000,"Vehicle
",///sleepless.punch.smelter,SP 9242 1076,08:00,10:05,1.6,1.6,1.6,1.6,51.787874,-0.66149915
CP02,Grass triangle opposite Hastoe Farm,Barbara Cole,07700 900001,"Vehicle / tent (S)
",///however.complies.poodle,SP 9175 0936,08:20,10:45,1.7,3.3,1.7,3.3,51.7754,-0.67157958
CP03,Footpath junction in woods,Colin Drake,07700 900002,"Tent (M)
",///melts.hairpin.palms,SP 9303 0797,08:45,11:00,1.9,5.2,,,51.762695,-0.6534046
CP04,Cholesbury Village Hall,Diane Ellis,07700 900003,"Village Hall
",///scouts.skim.qualify,SP 9301 0711,09:00,11:30,1.2,6.4,,,51.754968,-0.65392418
CP05,East side of Horseblock Road bend,Edward Foster,07700 900004,"Vehicle / tent (M)
",///brambles.replaying.saloons,SP 9435 0692,09:15,12:05,1.5,7.9,,,51.753036,-0.6345684
CP06,Wiggington Sports field,Fiona Grant,07700 900005,"Vehicle / tent (M)
",///processes.partners.rotation,SP 9368 0996,09:55,13:25,3.4,11.3,3.4,6.7,51.780474,-0.64345286
CP07,The Iron Hall in Tring Station village,George Hart,07700 900006,"Village Hall
",///armed.frock.growth,SP 9492 1215,10:40,14:55,3.7,15,3.7,10.4,51.79995,-0.62488537
CP08,Junction of canal and footpath,Helen Irwin,07700 900007,"Vehicle / tent (S)
",///stylists.opens.flasks,SP 9391 1290,11:05,15:45,2,17,2,12.4,51.806862,-0.63932485
Finish,Tring School,Ian Jarvis,07700 900008,"A Big Scary Building
",///leafing.destined.glance,SP 928 119,11:25,16:20,1.6,18.6,1.6,14,51.798058,-0.65568693
